{
  "LitePhospho": {
    "params": 436577,
    "random": 0.7996349726033101,
    "homology": 0.7699708631993403,
    "drop": 0.029664109403969796,
    "pr_random": 0.7973656534243347,
    "pr_homology": 0.7660383085321004
  },
  "DeepPhos": {
    "params": 385153,
    "random": 0.8087032048460374,
    "homology": 0.765251582961401,
    "drop": 0.04345162188463647,
    "pr_random": 0.8058072948317014,
    "pr_homology": 0.7594133319720605
  },
  "MusiteDeep": {
    "params": 666177,
    "random": 0.8076570845282247,
    "homology": 0.7606475215208428,
    "drop": 0.047009563007381905,
    "pr_random": 0.804736589616309,
    "pr_homology": 0.7554079227475428
  }
}